synapse_id,expected_name,relative_path
syn54243911,clip00_label8.npy,TEST/subject09_config1/clip00_label8.npy
syn54244913,clip01_label0.npy,TEST/subject09_config1/clip01_label0.npy
syn54245509,clip02_label8.npy,TEST/subject09_config1/clip02_label8.npy
syn54243817,clip03_label1.npy,TEST/subject09_config1/clip03_label1.npy
syn54244313,clip04_label8.npy,TEST/subject09_config1/clip04_label8.npy
syn54245169,clip05_label1.npy,TEST/subject09_config1/clip05_label1.npy
syn54245604,clip06_label8.npy,TEST/subject09_config1/clip06_label8.npy
syn54243623,clip07_label2.npy,TEST/subject09_config1/clip07_label2.npy
syn54244745,clip08_label6.npy,TEST/subject09_config1/clip08_label6.npy
syn54244061,clip09_label3.npy,TEST/subject09_config1/clip09_label3.npy
syn54244202,clip10_label7.npy,TEST/subject09_config1/clip10_label7.npy
syn54245730,clip11_label2.npy,TEST/subject09_config1/clip11_label2.npy
syn54245920,clip12_label6.npy,TEST/subject09_config1/clip12_label6.npy
syn54243514,clip13_label3.npy,TEST/subject09_config1/clip13_label3.npy
syn54243453,clip14_label8.npy,TEST/subject09_config1/clip14_label8.npy
syn54243132,clip15_label4.npy,TEST/subject09_config1/clip15_label4.npy
syn54244612,clip16_label8.npy,TEST/subject09_config1/clip16_label8.npy
syn54245383,clip17_label5.npy,TEST/subject09_config1/clip17_label5.npy
syn54244515,clip18_label2.npy,TEST/subject09_config1/clip18_label2.npy
syn54243325,clip19_label9.npy,TEST/subject09_config1/clip19_label9.npy
syn54243239,clip20_label3.npy,TEST/subject09_config1/clip20_label3.npy
syn54247259,clip00_label8.npy,TEST/subject09_config2/clip00_label8.npy
syn54248220,clip01_label0.npy,TEST/subject09_config2/clip01_label0.npy
syn54248806,clip02_label8.npy,TEST/subject09_config2/clip02_label8.npy
syn54247134,clip03_label1.npy,TEST/subject09_config2/clip03_label1.npy
syn54247782,clip04_label8.npy,TEST/subject09_config2/clip04_label8.npy
syn54248445,clip05_label1.npy,TEST/subject09_config2/clip05_label1.npy
syn54248906,clip06_label8.npy,TEST/subject09_config2/clip06_label8.npy
syn54246936,clip07_label2.npy,TEST/subject09_config2/clip07_label2.npy
syn54248053,clip08_label6.npy,TEST/subject09_config2/clip08_label6.npy
syn54247402,clip09_label3.npy,TEST/subject09_config2/clip09_label3.npy
syn54247609,clip10_label7.npy,TEST/subject09_config2/clip10_label7.npy
syn54249104,clip11_label2.npy,TEST/subject09_config2/clip11_label2.npy
syn54249491,clip12_label6.npy,TEST/subject09_config2/clip12_label6.npy
syn54246669,clip13_label3.npy,TEST/subject09_config2/clip13_label3.npy
syn54246431,clip14_label8.npy,TEST/subject09_config2/clip14_label8.npy
syn54246240,clip15_label4.npy,TEST/subject09_config2/clip15_label4.npy
syn54247886,clip16_label8.npy,TEST/subject09_config2/clip16_label8.npy
syn54248711,clip17_label5.npy,TEST/subject09_config2/clip17_label5.npy
syn54249655,clip18_label8.npy,TEST/subject09_config2/clip18_label8.npy
syn54249850,clip19_label2.npy,TEST/subject09_config2/clip19_label2.npy
syn54249289,clip20_label9.npy,TEST/subject09_config2/clip20_label9.npy
syn54246571,clip21_label3.npy,TEST/subject09_config2/clip21_label3.npy
syn54246834,clip22_label8.npy,TEST/subject09_config2/clip22_label8.npy
syn54236797,clip00_label8.npy,TEST/subject09_config3/clip00_label8.npy
syn54236808,clip01_label0.npy,TEST/subject09_config3/clip01_label0.npy
syn54236813,clip02_label8.npy,TEST/subject09_config3/clip02_label8.npy
syn54236796,clip03_label1.npy,TEST/subject09_config3/clip03_label1.npy
syn54236805,clip04_label8.npy,TEST/subject09_config3/clip04_label8.npy
syn54236809,clip05_label1.npy,TEST/subject09_config3/clip05_label1.npy
syn54236814,clip06_label8.npy,TEST/subject09_config3/clip06_label8.npy
syn54236794,clip07_label2.npy,TEST/subject09_config3/clip07_label2.npy
syn54236807,clip08_label6.npy,TEST/subject09_config3/clip08_label6.npy
syn54236802,clip09_label3.npy,TEST/subject09_config3/clip09_label3.npy
syn54236804,clip10_label7.npy,TEST/subject09_config3/clip10_label7.npy
syn54236816,clip11_label2.npy,TEST/subject09_config3/clip11_label2.npy
syn54236818,clip12_label6.npy,TEST/subject09_config3/clip12_label6.npy
syn54236792,clip13_label3.npy,TEST/subject09_config3/clip13_label3.npy
syn54236784,clip14_label8.npy,TEST/subject09_config3/clip14_label8.npy
syn54236783,clip15_label4.npy,TEST/subject09_config3/clip15_label4.npy
syn54236806,clip16_label8.npy,TEST/subject09_config3/clip16_label8.npy
syn54236811,clip17_label5.npy,TEST/subject09_config3/clip17_label5.npy
syn54236819,clip18_label8.npy,TEST/subject09_config3/clip18_label8.npy
syn54236828,clip19_label2.npy,TEST/subject09_config3/clip19_label2.npy
syn54236817,clip20_label9.npy,TEST/subject09_config3/clip20_label9.npy
syn54236790,clip21_label3.npy,TEST/subject09_config3/clip21_label3.npy
syn54236793,clip22_label8.npy,TEST/subject09_config3/clip22_label8.npy
syn54237819,clip00_label8.npy,TEST/subject12_config1/clip00_label8.npy
syn54238763,clip01_label0.npy,TEST/subject12_config1/clip01_label0.npy
syn54239193,clip02_label8.npy,TEST/subject12_config1/clip02_label8.npy
syn54237609,clip03_label1.npy,TEST/subject12_config1/clip03_label1.npy
syn54238429,clip04_label8.npy,TEST/subject12_config1/clip04_label8.npy
syn54238926,clip05_label1.npy,TEST/subject12_config1/clip05_label1.npy
syn54239307,clip06_label8.npy,TEST/subject12_config1/clip06_label8.npy
syn54237487,clip07_label2.npy,TEST/subject12_config1/clip07_label2.npy
syn54238653,clip08_label6.npy,TEST/subject12_config1/clip08_label6.npy
syn54238168,clip09_label3.npy,TEST/subject12_config1/clip09_label3.npy
syn54238325,clip10_label7.npy,TEST/subject12_config1/clip10_label7.npy
syn54239717,clip11_label2.npy,TEST/subject12_config1/clip11_label2.npy
syn54239967,clip12_label6.npy,TEST/subject12_config1/clip12_label6.npy
syn54237292,clip13_label3.npy,TEST/subject12_config1/clip13_label3.npy
syn54237153,clip14_label8.npy,TEST/subject12_config1/clip14_label8.npy
syn54237016,clip15_label4.npy,TEST/subject12_config1/clip15_label4.npy
syn54238504,clip16_label8.npy,TEST/subject12_config1/clip16_label8.npy
syn54239082,clip17_label5.npy,TEST/subject12_config1/clip17_label5.npy
syn54240068,clip18_label8.npy,TEST/subject12_config1/clip18_label8.npy
syn54239495,clip19_label3.npy,TEST/subject12_config1/clip19_label3.npy
syn54239835,clip20_label9.npy,TEST/subject12_config1/clip20_label9.npy
syn54238014,clip21_label2.npy,TEST/subject12_config1/clip21_label2.npy
syn54237367,clip22_label8.npy,TEST/subject12_config1/clip22_label8.npy
syn54259047,clip00_label8.npy,TEST/subject12_config2/clip00_label8.npy
syn54259053,clip01_label0.npy,TEST/subject12_config2/clip01_label0.npy
syn54259057,clip02_label8.npy,TEST/subject12_config2/clip02_label8.npy
syn54259046,clip03_label1.npy,TEST/subject12_config2/clip03_label1.npy
syn54259051,clip04_label8.npy,TEST/subject12_config2/clip04_label8.npy
syn54259056,clip05_label1.npy,TEST/subject12_config2/clip05_label1.npy
syn54258004,clip06_label2.npy,TEST/subject12_config2/clip06_label2.npy
syn54259066,clip07_label6.npy,TEST/subject12_config2/clip07_label6.npy
syn54259064,clip08_label3.npy,TEST/subject12_config2/clip08_label3.npy
syn54259050,clip09_label7.npy,TEST/subject12_config2/clip09_label7.npy
syn54259068,clip10_label2.npy,TEST/subject12_config2/clip10_label2.npy
syn54258387,clip11_label6.npy,TEST/subject12_config2/clip11_label6.npy
syn54259059,clip12_label3.npy,TEST/subject12_config2/clip12_label3.npy
syn54259065,clip13_label8.npy,TEST/subject12_config2/clip13_label8.npy
syn54259058,clip14_label4.npy,TEST/subject12_config2/clip14_label4.npy
syn54259061,clip15_label8.npy,TEST/subject12_config2/clip15_label8.npy
syn54258884,clip16_label5.npy,TEST/subject12_config2/clip16_label5.npy
syn54259060,clip17_label8.npy,TEST/subject12_config2/clip17_label8.npy
syn54259052,clip18_label2.npy,TEST/subject12_config2/clip18_label2.npy
syn54258557,clip19_label9.npy,TEST/subject12_config2/clip19_label9.npy
syn54258197,clip20_label3.npy,TEST/subject12_config2/clip20_label3.npy
syn54259069,clip21_label8.npy,TEST/subject12_config2/clip21_label8.npy
syn54259749,clip00_label8.npy,TEST/subject12_config3/clip00_label8.npy
syn54259975,clip01_label0.npy,TEST/subject12_config3/clip01_label0.npy
syn54260099,clip02_label8.npy,TEST/subject12_config3/clip02_label8.npy
syn54259730,clip03_label1.npy,TEST/subject12_config3/clip03_label1.npy
syn54259873,clip04_label8.npy,TEST/subject12_config3/clip04_label8.npy
syn54260015,clip05_label1.npy,TEST/subject12_config3/clip05_label1.npy
syn54260129,clip06_label8.npy,TEST/subject12_config3/clip06_label8.npy
syn54259682,clip07_label2.npy,TEST/subject12_config3/clip07_label2.npy
syn54259928,clip08_label6.npy,TEST/subject12_config3/clip08_label6.npy
syn54259815,clip09_label3.npy,TEST/subject12_config3/clip09_label3.npy
syn54259847,clip10_label7.npy,TEST/subject12_config3/clip10_label7.npy
syn54260193,clip11_label2.npy,TEST/subject12_config3/clip11_label2.npy
syn54260264,clip12_label6.npy,TEST/subject12_config3/clip12_label6.npy
syn54259607,clip13_label3.npy,TEST/subject12_config3/clip13_label3.npy
syn54259520,clip14_label8.npy,TEST/subject12_config3/clip14_label8.npy
syn54259495,clip15_label4.npy,TEST/subject12_config3/clip15_label4.npy
syn54259892,clip16_label8.npy,TEST/subject12_config3/clip16_label8.npy
syn54260083,clip17_label5.npy,TEST/subject12_config3/clip17_label5.npy
syn54260290,clip18_label8.npy,TEST/subject12_config3/clip18_label8.npy
syn54260346,clip19_label2.npy,TEST/subject12_config3/clip19_label2.npy
syn54260231,clip20_label9.npy,TEST/subject12_config3/clip20_label9.npy
syn54259570,clip21_label3.npy,TEST/subject12_config3/clip21_label3.npy
syn54259633,clip22_label8.npy,TEST/subject12_config3/clip22_label8.npy
syn54260635,clip00_label8.npy,TEST/subject13_config1/clip00_label8.npy
syn54260761,clip01_label0.npy,TEST/subject13_config1/clip01_label0.npy
syn54261011,clip02_label1.npy,TEST/subject13_config1/clip02_label1.npy
syn54260608,clip03_label1.npy,TEST/subject13_config1/clip03_label1.npy
syn54260821,clip04_label2.npy,TEST/subject13_config1/clip04_label2.npy
syn54260518,clip05_label6.npy,TEST/subject13_config1/clip05_label6.npy
syn54261181,clip06_label3.npy,TEST/subject13_config1/clip06_label3.npy
syn54261540,clip07_label7.npy,TEST/subject13_config1/clip07_label7.npy
syn54260471,clip08_label2.npy,TEST/subject13_config1/clip08_label2.npy
syn54260681,clip09_label6.npy,TEST/subject13_config1/clip09_label6.npy
syn54261353,clip10_label3.npy,TEST/subject13_config1/clip10_label3.npy
syn54260399,clip11_label8.npy,TEST/subject13_config1/clip11_label8.npy
syn54261112,clip12_label4.npy,TEST/subject13_config1/clip12_label4.npy
syn54261367,clip13_label8.npy,TEST/subject13_config1/clip13_label8.npy
syn54261474,clip14_label5.npy,TEST/subject13_config1/clip14_label5.npy
syn54261205,clip15_label8.npy,TEST/subject13_config1/clip15_label8.npy
syn54260921,clip16_label2.npy,TEST/subject13_config1/clip16_label2.npy
syn54261302,clip17_label9.npy,TEST/subject13_config1/clip17_label9.npy
syn54261253,clip18_label3.npy,TEST/subject13_config1/clip18_label3.npy
syn54254845,clip00_label8.npy,TEST/subject13_config2/clip00_label8.npy
syn54255731,clip01_label0.npy,TEST/subject13_config2/clip01_label0.npy
syn54256818,clip02_label1.npy,TEST/subject13_config2/clip02_label1.npy
syn54255177,clip03_label8.npy,TEST/subject13_config2/clip03_label8.npy
syn54256306,clip04_label1.npy,TEST/subject13_config2/clip04_label1.npy
syn54256407,clip05_label8.npy,TEST/subject13_config2/clip05_label8.npy
syn54253884,clip06_label2.npy,TEST/subject13_config2/clip06_label2.npy
syn54257480,clip07_label6.npy,TEST/subject13_config2/clip07_label6.npy
syn54257180,clip08_label3.npy,TEST/subject13_config2/clip08_label3.npy
syn54255050,clip09_label7.npy,TEST/subject13_config2/clip09_label7.npy
syn54257722,clip10_label2.npy,TEST/subject13_config2/clip10_label2.npy
syn54254268,clip11_label6.npy,TEST/subject13_config2/clip11_label6.npy
syn54256555,clip12_label3.npy,TEST/subject13_config2/clip12_label3.npy
syn54257313,clip13_label8.npy,TEST/subject13_config2/clip13_label8.npy
syn54256000,clip14_label4.npy,TEST/subject13_config2/clip14_label4.npy
syn54256945,clip15_label8.npy,TEST/subject13_config2/clip15_label8.npy
syn54254788,clip16_label5.npy,TEST/subject13_config2/clip16_label5.npy
syn54256889,clip17_label8.npy,TEST/subject13_config2/clip17_label8.npy
syn54255504,clip18_label2.npy,TEST/subject13_config2/clip18_label2.npy
syn54254460,clip19_label9.npy,TEST/subject13_config2/clip19_label9.npy
syn54254107,clip20_label3.npy,TEST/subject13_config2/clip20_label3.npy
syn54257775,clip21_label8.npy,TEST/subject13_config2/clip21_label8.npy
syn54240934,clip00_label8.npy,TEST/subject13_config3/clip00_label8.npy
syn54241278,clip01_label0.npy,TEST/subject13_config3/clip01_label0.npy
syn54241951,clip02_label1.npy,TEST/subject13_config3/clip02_label1.npy
syn54240868,clip03_label1.npy,TEST/subject13_config3/clip03_label1.npy
syn54240994,clip04_label8.npy,TEST/subject13_config3/clip04_label8.npy
syn54240207,clip05_label2.npy,TEST/subject13_config3/clip05_label2.npy
syn54241109,clip06_label6.npy,TEST/subject13_config3/clip06_label6.npy
syn54240512,clip07_label3.npy,TEST/subject13_config3/clip07_label3.npy
syn54242626,clip08_label7.npy,TEST/subject13_config3/clip08_label7.npy
syn54242127,clip09_label2.npy,TEST/subject13_config3/clip09_label2.npy
syn54242546,clip10_label6.npy,TEST/subject13_config3/clip10_label6.npy
syn54242445,clip11_label3.npy,TEST/subject13_config3/clip11_label3.npy
syn54240613,clip12_label8.npy,TEST/subject13_config3/clip12_label8.npy
syn54241559,clip13_label4.npy,TEST/subject13_config3/clip13_label4.npy
syn54242904,clip14_label5.npy,TEST/subject13_config3/clip14_label5.npy
syn54242317,clip15_label2.npy,TEST/subject13_config3/clip15_label2.npy
syn54240306,clip16_label9.npy,TEST/subject13_config3/clip16_label9.npy
syn54241715,clip17_label3.npy,TEST/subject13_config3/clip17_label3.npy
syn54242653,clip18_label8.npy,TEST/subject13_config3/clip18_label8.npy
syn54259076,clip00_label8.npy,TEST/subject14_config1/clip00_label8.npy
syn54259081,clip01_label0.npy,TEST/subject14_config1/clip01_label0.npy
syn54259100,clip02_label1.npy,TEST/subject14_config1/clip02_label1.npy
syn54259078,clip03_label8.npy,TEST/subject14_config1/clip03_label8.npy
syn54259085,clip04_label1.npy,TEST/subject14_config1/clip04_label1.npy
syn54259086,clip05_label8.npy,TEST/subject14_config1/clip05_label8.npy
syn54259071,clip06_label2.npy,TEST/subject14_config1/clip06_label2.npy
syn54259304,clip07_label6.npy,TEST/subject14_config1/clip07_label6.npy
syn54259215,clip08_label3.npy,TEST/subject14_config1/clip08_label3.npy
syn54259077,clip09_label7.npy,TEST/subject14_config1/clip09_label7.npy
syn54259372,clip10_label2.npy,TEST/subject14_config1/clip10_label2.npy
syn54259073,clip11_label6.npy,TEST/subject14_config1/clip11_label6.npy
syn54259087,clip12_label3.npy,TEST/subject14_config1/clip12_label3.npy
syn54259253,clip13_label8.npy,TEST/subject14_config1/clip13_label8.npy
syn54259084,clip14_label4.npy,TEST/subject14_config1/clip14_label4.npy
syn54259136,clip15_label8.npy,TEST/subject14_config1/clip15_label8.npy
syn54259075,clip16_label5.npy,TEST/subject14_config1/clip16_label5.npy
syn54259116,clip17_label8.npy,TEST/subject14_config1/clip17_label8.npy
syn54259080,clip18_label2.npy,TEST/subject14_config1/clip18_label2.npy
syn54259074,clip19_label9.npy,TEST/subject14_config1/clip19_label9.npy
syn54259072,clip20_label3.npy,TEST/subject14_config1/clip20_label3.npy
syn54259409,clip21_label8.npy,TEST/subject14_config1/clip21_label8.npy
syn54252467,clip00_label0.npy,TEST/subject14_config2/clip00_label0.npy
syn54251833,clip01_label8.npy,TEST/subject14_config2/clip01_label8.npy
syn54252907,clip02_label1.npy,TEST/subject14_config2/clip02_label1.npy
syn54251096,clip03_label8.npy,TEST/subject14_config2/clip03_label8.npy
syn54252181,clip04_label1.npy,TEST/subject14_config2/clip04_label1.npy
syn54251764,clip05_label0.npy,TEST/subject14_config2/clip05_label0.npy
syn54249985,clip06_label2.npy,TEST/subject14_config2/clip06_label2.npy
syn54253495,clip07_label6.npy,TEST/subject14_config2/clip07_label6.npy
syn54253215,clip08_label3.npy,TEST/subject14_config2/clip08_label3.npy
syn54251028,clip09_label7.npy,TEST/subject14_config2/clip09_label7.npy
syn54253721,clip10_label2.npy,TEST/subject14_config2/clip10_label2.npy
syn54250398,clip11_label6.npy,TEST/subject14_config2/clip11_label6.npy
syn54252633,clip12_label3.npy,TEST/subject14_config2/clip12_label3.npy
syn54253326,clip13_label8.npy,TEST/subject14_config2/clip13_label8.npy
syn54252113,clip14_label4.npy,TEST/subject14_config2/clip14_label4.npy
syn54253009,clip15_label8.npy,TEST/subject14_config2/clip15_label8.npy
syn54250860,clip16_label5.npy,TEST/subject14_config2/clip16_label5.npy
syn54252961,clip17_label8.npy,TEST/subject14_config2/clip17_label8.npy
syn54251420,clip18_label2.npy,TEST/subject14_config2/clip18_label2.npy
syn54250551,clip19_label9.npy,TEST/subject14_config2/clip19_label9.npy
syn54250241,clip20_label3.npy,TEST/subject14_config2/clip20_label3.npy
syn54236743,clip00_label8.npy,TEST/subject14_config3/clip00_label8.npy
syn54236750,clip01_label0.npy,TEST/subject14_config3/clip01_label0.npy
syn54236758,clip02_label8.npy,TEST/subject14_config3/clip02_label8.npy
syn54236742,clip03_label1.npy,TEST/subject14_config3/clip03_label1.npy
syn54236745,clip04_label8.npy,TEST/subject14_config3/clip04_label8.npy
syn54236755,clip05_label1.npy,TEST/subject14_config3/clip05_label1.npy
syn54236739,clip06_label2.npy,TEST/subject14_config3/clip06_label2.npy
syn54236770,clip07_label6.npy,TEST/subject14_config3/clip07_label6.npy
syn54236768,clip08_label3.npy,TEST/subject14_config3/clip08_label3.npy
syn54236744,clip09_label7.npy,TEST/subject14_config3/clip09_label7.npy
syn54236776,clip10_label2.npy,TEST/subject14_config3/clip10_label2.npy
syn54236740,clip11_label6.npy,TEST/subject14_config3/clip11_label6.npy
syn54236763,clip12_label3.npy,TEST/subject14_config3/clip12_label3.npy
syn54236769,clip13_label8.npy,TEST/subject14_config3/clip13_label8.npy
syn54236761,clip14_label4.npy,TEST/subject14_config3/clip14_label4.npy
syn54236767,clip15_label5.npy,TEST/subject14_config3/clip15_label5.npy
syn54236748,clip16_label8.npy,TEST/subject14_config3/clip16_label8.npy
syn54236747,clip17_label2.npy,TEST/subject14_config3/clip17_label2.npy
syn54236777,clip18_label9.npy,TEST/subject14_config3/clip18_label9.npy
syn54236764,clip19_label3.npy,TEST/subject14_config3/clip19_label3.npy
syn54236746,clip20_label8.npy,TEST/subject14_config3/clip20_label8.npy
syn54236421,clip00_label8.npy,TRAIN/subject01_config1/clip00_label8.npy
syn54236424,clip01_label0.npy,TRAIN/subject01_config1/clip01_label0.npy
syn54236428,clip02_label8.npy,TRAIN/subject01_config1/clip02_label8.npy
syn54236420,clip03_label1.npy,TRAIN/subject01_config1/clip03_label1.npy
syn54236429,clip04_label1.npy,TRAIN/subject01_config1/clip04_label1.npy
syn54236430,clip05_label8.npy,TRAIN/subject01_config1/clip05_label8.npy
syn54236409,clip06_label2.npy,TRAIN/subject01_config1/clip06_label2.npy
syn54236435,clip07_label6.npy,TRAIN/subject01_config1/clip07_label6.npy
syn54236433,clip08_label3.npy,TRAIN/subject01_config1/clip08_label3.npy
syn54236422,clip09_label7.npy,TRAIN/subject01_config1/clip09_label7.npy
syn54236436,clip10_label2.npy,TRAIN/subject01_config1/clip10_label2.npy
syn54236411,clip11_label6.npy,TRAIN/subject01_config1/clip11_label6.npy
syn54236431,clip12_label3.npy,TRAIN/subject01_config1/clip12_label3.npy
syn54236434,clip13_label8.npy,TRAIN/subject01_config1/clip13_label8.npy
syn54236412,clip14_label8.npy,TRAIN/subject01_config1/clip14_label8.npy
syn54236410,clip15_label4.npy,TRAIN/subject01_config1/clip15_label4.npy
syn54236423,clip16_label8.npy,TRAIN/subject01_config1/clip16_label8.npy
syn54236427,clip17_label5.npy,TRAIN/subject01_config1/clip17_label5.npy
syn54236437,clip18_label8.npy,TRAIN/subject01_config1/clip18_label8.npy
syn54236438,clip19_label2.npy,TRAIN/subject01_config1/clip19_label2.npy
syn54236432,clip20_label9.npy,TRAIN/subject01_config1/clip20_label9.npy
syn54236417,clip21_label3.npy,TRAIN/subject01_config1/clip21_label3.npy
syn54236418,clip22_label8.npy,TRAIN/subject01_config1/clip22_label8.npy
syn54236357,clip00_label8.npy,TRAIN/subject01_config2/clip00_label8.npy
syn54236360,clip01_label0.npy,TRAIN/subject01_config2/clip01_label0.npy
syn54236363,clip02_label1.npy,TRAIN/subject01_config2/clip02_label1.npy
syn54236354,clip03_label1.npy,TRAIN/subject01_config2/clip03_label1.npy
syn54236358,clip04_label8.npy,TRAIN/subject01_config2/clip04_label8.npy
syn54236347,clip05_label2.npy,TRAIN/subject01_config2/clip05_label2.npy
syn54236359,clip06_label6.npy,TRAIN/subject01_config2/clip06_label6.npy
syn54236348,clip07_label3.npy,TRAIN/subject01_config2/clip07_label3.npy
syn54236374,clip08_label7.npy,TRAIN/subject01_config2/clip08_label7.npy
syn54236364,clip09_label2.npy,TRAIN/subject01_config2/clip09_label2.npy
syn54236373,clip10_label6.npy,TRAIN/subject01_config2/clip10_label6.npy
syn54236368,clip11_label3.npy,TRAIN/subject01_config2/clip11_label3.npy
syn54236351,clip12_label8.npy,TRAIN/subject01_config2/clip12_label8.npy
syn54236361,clip13_label4.npy,TRAIN/subject01_config2/clip13_label4.npy
syn54236376,clip14_label5.npy,TRAIN/subject01_config2/clip14_label5.npy
syn54236365,clip15_label8.npy,TRAIN/subject01_config2/clip15_label8.npy
syn54236362,clip16_label2.npy,TRAIN/subject01_config2/clip16_label2.npy
syn54236372,clip17_label9.npy,TRAIN/subject01_config2/clip17_label9.npy
syn54236366,clip18_label3.npy,TRAIN/subject01_config2/clip18_label3.npy
syn54236375,clip19_label8.npy,TRAIN/subject01_config2/clip19_label8.npy
syn54236186,clip00_label8.npy,TRAIN/subject01_config3/clip00_label8.npy
syn54236190,clip01_label0.npy,TRAIN/subject01_config3/clip01_label0.npy
syn54236195,clip02_label1.npy,TRAIN/subject01_config3/clip02_label1.npy
syn54236185,clip03_label1.npy,TRAIN/subject01_config3/clip03_label1.npy
syn54236187,clip04_label8.npy,TRAIN/subject01_config3/clip04_label8.npy
syn54236178,clip05_label2.npy,TRAIN/subject01_config3/clip05_label2.npy
syn54236188,clip06_label6.npy,TRAIN/subject01_config3/clip06_label6.npy
syn54236181,clip07_label3.npy,TRAIN/subject01_config3/clip07_label3.npy
syn54236202,clip08_label7.npy,TRAIN/subject01_config3/clip08_label7.npy
syn54236197,clip09_label2.npy,TRAIN/subject01_config3/clip09_label2.npy
syn54236200,clip10_label6.npy,TRAIN/subject01_config3/clip10_label6.npy
syn54236199,clip11_label3.npy,TRAIN/subject01_config3/clip11_label3.npy
syn54236182,clip12_label8.npy,TRAIN/subject01_config3/clip12_label8.npy
syn54236191,clip13_label4.npy,TRAIN/subject01_config3/clip13_label4.npy
syn54236180,clip14_label8.npy,TRAIN/subject01_config3/clip14_label8.npy
syn54236179,clip15_label4.npy,TRAIN/subject01_config3/clip15_label4.npy
syn54236189,clip16_label8.npy,TRAIN/subject01_config3/clip16_label8.npy
syn54236194,clip17_label5.npy,TRAIN/subject01_config3/clip17_label5.npy
syn54236203,clip18_label8.npy,TRAIN/subject01_config3/clip18_label8.npy
syn54236204,clip19_label8.npy,TRAIN/subject01_config3/clip19_label8.npy
syn54236196,clip20_label2.npy,TRAIN/subject01_config3/clip20_label2.npy
syn54236201,clip21_label9.npy,TRAIN/subject01_config3/clip21_label9.npy
syn54236198,clip22_label3.npy,TRAIN/subject01_config3/clip22_label3.npy
syn54236205,clip23_label8.npy,TRAIN/subject01_config3/clip23_label8.npy
syn54235947,clip00_label8.npy,TRAIN/subject02_config1/clip00_label8.npy
syn54235954,clip01_label0.npy,TRAIN/subject02_config1/clip01_label0.npy
syn54235956,clip02_label8.npy,TRAIN/subject02_config1/clip02_label8.npy
syn54235951,clip03_label0.npy,TRAIN/subject02_config1/clip03_label0.npy
syn54235949,clip04_label8.npy,TRAIN/subject02_config1/clip04_label8.npy
syn54235955,clip05_label1.npy,TRAIN/subject02_config1/clip05_label1.npy
syn54235962,clip06_label8.npy,TRAIN/subject02_config1/clip06_label8.npy
syn54235963,clip07_label1.npy,TRAIN/subject02_config1/clip07_label1.npy
syn54235952,clip08_label8.npy,TRAIN/subject02_config1/clip08_label8.npy
syn54235961,clip09_label1.npy,TRAIN/subject02_config1/clip09_label1.npy
syn54235942,clip10_label8.npy,TRAIN/subject02_config1/clip10_label8.npy
syn54235941,clip11_label8.npy,TRAIN/subject02_config1/clip11_label8.npy
syn54235972,clip12_label2.npy,TRAIN/subject02_config1/clip12_label2.npy
syn54235946,clip13_label6.npy,TRAIN/subject02_config1/clip13_label6.npy
syn54235948,clip14_label3.npy,TRAIN/subject02_config1/clip14_label3.npy
syn54235966,clip15_label7.npy,TRAIN/subject02_config1/clip15_label7.npy
syn54235959,clip16_label2.npy,TRAIN/subject02_config1/clip16_label2.npy
syn54235973,clip17_label6.npy,TRAIN/subject02_config1/clip17_label6.npy
syn54235965,clip18_label3.npy,TRAIN/subject02_config1/clip18_label3.npy
syn54235969,clip19_label8.npy,TRAIN/subject02_config1/clip19_label8.npy
syn54235950,clip20_label8.npy,TRAIN/subject02_config1/clip20_label8.npy
syn54235957,clip21_label4.npy,TRAIN/subject02_config1/clip21_label4.npy
syn54235945,clip22_label8.npy,TRAIN/subject02_config1/clip22_label8.npy
syn54235960,clip23_label5.npy,TRAIN/subject02_config1/clip23_label5.npy
syn54235944,clip24_label8.npy,TRAIN/subject02_config1/clip24_label8.npy
syn54235964,clip25_label8.npy,TRAIN/subject02_config1/clip25_label8.npy
syn54235958,clip26_label2.npy,TRAIN/subject02_config1/clip26_label2.npy
syn54235974,clip27_label9.npy,TRAIN/subject02_config1/clip27_label9.npy
syn54235953,clip28_label3.npy,TRAIN/subject02_config1/clip28_label3.npy
syn54235943,clip29_label8.npy,TRAIN/subject02_config1/clip29_label8.npy
syn54235893,clip00_label8.npy,TRAIN/subject02_config2/clip00_label8.npy
syn54235897,clip01_label0.npy,TRAIN/subject02_config2/clip01_label0.npy
syn54235899,clip02_label8.npy,TRAIN/subject02_config2/clip02_label8.npy
syn54235892,clip03_label1.npy,TRAIN/subject02_config2/clip03_label1.npy
syn54235900,clip04_label1.npy,TRAIN/subject02_config2/clip04_label1.npy
syn54235901,clip05_label8.npy,TRAIN/subject02_config2/clip05_label8.npy
syn54235902,clip06_label8.npy,TRAIN/subject02_config2/clip06_label8.npy
syn54235891,clip07_label2.npy,TRAIN/subject02_config2/clip07_label2.npy
syn54235896,clip08_label6.npy,TRAIN/subject02_config2/clip08_label6.npy
syn54235894,clip09_label3.npy,TRAIN/subject02_config2/clip09_label3.npy
syn54235895,clip10_label7.npy,TRAIN/subject02_config2/clip10_label7.npy
syn54235905,clip11_label2.npy,TRAIN/subject02_config2/clip11_label2.npy
syn54235909,clip12_label6.npy,TRAIN/subject02_config2/clip12_label6.npy
syn54235890,clip13_label3.npy,TRAIN/subject02_config2/clip13_label3.npy
syn54235889,clip14_label8.npy,TRAIN/subject02_config2/clip14_label8.npy
syn54235906,clip15_label8.npy,TRAIN/subject02_config2/clip15_label8.npy
syn54235898,clip16_label4.npy,TRAIN/subject02_config2/clip16_label4.npy
syn54235903,clip17_label8.npy,TRAIN/subject02_config2/clip17_label8.npy
syn54235912,clip18_label5.npy,TRAIN/subject02_config2/clip18_label5.npy
syn54235910,clip19_label8.npy,TRAIN/subject02_config2/clip19_label8.npy
syn54235904,clip20_label2.npy,TRAIN/subject02_config2/clip20_label2.npy
syn54235908,clip21_label9.npy,TRAIN/subject02_config2/clip21_label9.npy
syn54235907,clip22_label3.npy,TRAIN/subject02_config2/clip22_label3.npy
syn54235911,clip23_label8.npy,TRAIN/subject02_config2/clip23_label8.npy
syn54236612,clip00_label8.npy,TRAIN/subject02_config3/clip00_label8.npy
syn54236620,clip01_label0.npy,TRAIN/subject02_config3/clip01_label0.npy
syn54236623,clip02_label8.npy,TRAIN/subject02_config3/clip02_label8.npy
syn54236611,clip03_label1.npy,TRAIN/subject02_config3/clip03_label1.npy
syn54236615,clip04_label8.npy,TRAIN/subject02_config3/clip04_label8.npy
syn54236621,clip05_label1.npy,TRAIN/subject02_config3/clip05_label1.npy
syn54236625,clip06_label8.npy,TRAIN/subject02_config3/clip06_label8.npy
syn54236632,clip07_label8.npy,TRAIN/subject02_config3/clip07_label8.npy
syn54236605,clip08_label2.npy,TRAIN/subject02_config3/clip08_label2.npy
syn54236618,clip09_label6.npy,TRAIN/subject02_config3/clip09_label6.npy
syn54236631,clip10_label3.npy,TRAIN/subject02_config3/clip10_label3.npy
syn54236613,clip11_label7.npy,TRAIN/subject02_config3/clip11_label7.npy
syn54236634,clip12_label2.npy,TRAIN/subject02_config3/clip12_label2.npy
syn54236610,clip13_label6.npy,TRAIN/subject02_config3/clip13_label6.npy
syn54236614,clip14_label3.npy,TRAIN/subject02_config3/clip14_label3.npy
syn54236630,clip15_label8.npy,TRAIN/subject02_config3/clip15_label8.npy
syn54236606,clip16_label5.npy,TRAIN/subject02_config3/clip16_label5.npy
syn54236609,clip17_label4.npy,TRAIN/subject02_config3/clip17_label4.npy
syn54236633,clip18_label8.npy,TRAIN/subject02_config3/clip18_label8.npy
syn54236626,clip19_label5.npy,TRAIN/subject02_config3/clip19_label5.npy
syn54236616,clip20_label8.npy,TRAIN/subject02_config3/clip20_label8.npy
syn54236635,clip21_label8.npy,TRAIN/subject02_config3/clip21_label8.npy
syn54236617,clip22_label2.npy,TRAIN/subject02_config3/clip22_label2.npy
syn54236622,clip23_label9.npy,TRAIN/subject02_config3/clip23_label9.npy
syn54236624,clip24_label3.npy,TRAIN/subject02_config3/clip24_label3.npy
syn54236629,clip25_label8.npy,TRAIN/subject02_config3/clip25_label8.npy
syn54235806,clip00_label8.npy,TRAIN/subject03_config1/clip00_label8.npy
syn54235814,clip01_label0.npy,TRAIN/subject03_config1/clip01_label0.npy
syn54235819,clip02_label8.npy,TRAIN/subject03_config1/clip02_label8.npy
syn54235805,clip03_label1.npy,TRAIN/subject03_config1/clip03_label1.npy
syn54235809,clip04_label8.npy,TRAIN/subject03_config1/clip04_label8.npy
syn54235815,clip05_label1.npy,TRAIN/subject03_config1/clip05_label1.npy
syn54235821,clip06_label8.npy,TRAIN/subject03_config1/clip06_label8.npy
syn54235831,clip07_label8.npy,TRAIN/subject03_config1/clip07_label8.npy
syn54235802,clip08_label2.npy,TRAIN/subject03_config1/clip08_label2.npy
syn54235812,clip09_label6.npy,TRAIN/subject03_config1/clip09_label6.npy
syn54235829,clip10_label3.npy,TRAIN/subject03_config1/clip10_label3.npy
syn54235807,clip11_label7.npy,TRAIN/subject03_config1/clip11_label7.npy
syn54235834,clip12_label2.npy,TRAIN/subject03_config1/clip12_label2.npy
syn54235804,clip13_label6.npy,TRAIN/subject03_config1/clip13_label6.npy
syn54235808,clip14_label3.npy,TRAIN/subject03_config1/clip14_label3.npy
syn54235827,clip15_label8.npy,TRAIN/subject03_config1/clip15_label8.npy
syn54235813,clip16_label8.npy,TRAIN/subject03_config1/clip16_label8.npy
syn54235803,clip17_label4.npy,TRAIN/subject03_config1/clip17_label4.npy
syn54235833,clip18_label8.npy,TRAIN/subject03_config1/clip18_label8.npy
syn54235824,clip19_label5.npy,TRAIN/subject03_config1/clip19_label5.npy
syn54235810,clip20_label8.npy,TRAIN/subject03_config1/clip20_label8.npy
syn54235835,clip21_label8.npy,TRAIN/subject03_config1/clip21_label8.npy
syn54235811,clip22_label2.npy,TRAIN/subject03_config1/clip22_label2.npy
syn54235818,clip23_label9.npy,TRAIN/subject03_config1/clip23_label9.npy
syn54235820,clip24_label3.npy,TRAIN/subject03_config1/clip24_label3.npy
syn54235825,clip25_label8.npy,TRAIN/subject03_config1/clip25_label8.npy
syn54235919,clip00_label8.npy,TRAIN/subject03_config2/clip00_label8.npy
syn54235926,clip01_label0.npy,TRAIN/subject03_config2/clip01_label0.npy
syn54235932,clip02_label1.npy,TRAIN/subject03_config2/clip02_label1.npy
syn54235923,clip03_label8.npy,TRAIN/subject03_config2/clip03_label8.npy
syn54235929,clip04_label1.npy,TRAIN/subject03_config2/clip04_label1.npy
syn54235930,clip05_label8.npy,TRAIN/subject03_config2/clip05_label8.npy
syn54235931,clip06_label8.npy,TRAIN/subject03_config2/clip06_label8.npy
syn54235918,clip07_label2.npy,TRAIN/subject03_config2/clip07_label2.npy
syn54235925,clip08_label6.npy,TRAIN/subject03_config2/clip08_label6.npy
syn54235921,clip09_label3.npy,TRAIN/subject03_config2/clip09_label3.npy
syn54235922,clip10_label7.npy,TRAIN/subject03_config2/clip10_label7.npy
syn54235934,clip11_label2.npy,TRAIN/subject03_config2/clip11_label2.npy
syn54235937,clip12_label6.npy,TRAIN/subject03_config2/clip12_label6.npy
syn54235916,clip13_label3.npy,TRAIN/subject03_config2/clip13_label3.npy
syn54235914,clip14_label8.npy,TRAIN/subject03_config2/clip14_label8.npy
syn54235935,clip15_label8.npy,TRAIN/subject03_config2/clip15_label8.npy
syn54235928,clip16_label4.npy,TRAIN/subject03_config2/clip16_label4.npy
syn54235933,clip17_label8.npy,TRAIN/subject03_config2/clip17_label8.npy
syn54235939,clip18_label5.npy,TRAIN/subject03_config2/clip18_label5.npy
syn54235938,clip19_label8.npy,TRAIN/subject03_config2/clip19_label8.npy
syn54235924,clip20_label8.npy,TRAIN/subject03_config2/clip20_label8.npy
syn54235920,clip21_label2.npy,TRAIN/subject03_config2/clip21_label2.npy
syn54235936,clip22_label9.npy,TRAIN/subject03_config2/clip22_label9.npy
syn54235915,clip23_label3.npy,TRAIN/subject03_config2/clip23_label3.npy
syn54235917,clip24_label8.npy,TRAIN/subject03_config2/clip24_label8.npy
syn54236444,clip00_label8.npy,TRAIN/subject03_config3/clip00_label8.npy
syn54236452,clip01_label0.npy,TRAIN/subject03_config3/clip01_label0.npy
syn54236457,clip02_label8.npy,TRAIN/subject03_config3/clip02_label8.npy
syn54236443,clip03_label1.npy,TRAIN/subject03_config3/clip03_label1.npy
syn54236447,clip04_label8.npy,TRAIN/subject03_config3/clip04_label8.npy
syn54236453,clip05_label1.npy,TRAIN/subject03_config3/clip05_label1.npy
syn54236459,clip06_label8.npy,TRAIN/subject03_config3/clip06_label8.npy
syn54236464,clip07_label8.npy,TRAIN/subject03_config3/clip07_label8.npy
syn54236440,clip08_label2.npy,TRAIN/subject03_config3/clip08_label2.npy
syn54236450,clip09_label6.npy,TRAIN/subject03_config3/clip09_label6.npy
syn54236463,clip10_label3.npy,TRAIN/subject03_config3/clip10_label3.npy
syn54236445,clip11_label7.npy,TRAIN/subject03_config3/clip11_label7.npy
syn54236466,clip12_label2.npy,TRAIN/subject03_config3/clip12_label2.npy
syn54236442,clip13_label6.npy,TRAIN/subject03_config3/clip13_label6.npy
syn54236446,clip14_label3.npy,TRAIN/subject03_config3/clip14_label3.npy
syn54236462,clip15_label8.npy,TRAIN/subject03_config3/clip15_label8.npy
syn54236451,clip16_label8.npy,TRAIN/subject03_config3/clip16_label8.npy
syn54236441,clip17_label4.npy,TRAIN/subject03_config3/clip17_label4.npy
syn54236465,clip18_label8.npy,TRAIN/subject03_config3/clip18_label8.npy
syn54236460,clip19_label5.npy,TRAIN/subject03_config3/clip19_label5.npy
syn54236448,clip20_label8.npy,TRAIN/subject03_config3/clip20_label8.npy
syn54236467,clip21_label8.npy,TRAIN/subject03_config3/clip21_label8.npy
syn54236449,clip22_label2.npy,TRAIN/subject03_config3/clip22_label2.npy
syn54236456,clip23_label9.npy,TRAIN/subject03_config3/clip23_label9.npy
syn54236458,clip24_label3.npy,TRAIN/subject03_config3/clip24_label3.npy
syn54236461,clip25_label8.npy,TRAIN/subject03_config3/clip25_label8.npy
syn54236163,clip00_label8.npy,TRAIN/subject04_config1/clip00_label8.npy
syn54236169,clip01_label0.npy,TRAIN/subject04_config1/clip01_label0.npy
syn54236171,clip02_label8.npy,TRAIN/subject04_config1/clip02_label8.npy
syn54236162,clip03_label1.npy,TRAIN/subject04_config1/clip03_label1.npy
syn54236166,clip04_label8.npy,TRAIN/subject04_config1/clip04_label8.npy
syn54236170,clip05_label1.npy,TRAIN/subject04_config1/clip05_label1.npy
syn54236172,clip06_label8.npy,TRAIN/subject04_config1/clip06_label8.npy
syn54236161,clip07_label2.npy,TRAIN/subject04_config1/clip07_label2.npy
syn54236168,clip08_label6.npy,TRAIN/subject04_config1/clip08_label6.npy
syn54236164,clip09_label3.npy,TRAIN/subject04_config1/clip09_label3.npy
syn54236165,clip10_label7.npy,TRAIN/subject04_config1/clip10_label7.npy
syn54236174,clip11_label2.npy,TRAIN/subject04_config1/clip11_label2.npy
syn54236175,clip12_label6.npy,TRAIN/subject04_config1/clip12_label6.npy
syn54236160,clip13_label3.npy,TRAIN/subject04_config1/clip13_label3.npy
syn54236159,clip14_label8.npy,TRAIN/subject04_config1/clip14_label8.npy
syn54236155,clip15_label4.npy,TRAIN/subject04_config1/clip15_label4.npy
syn54236158,clip16_label5.npy,TRAIN/subject04_config1/clip16_label5.npy
syn54236173,clip17_label8.npy,TRAIN/subject04_config1/clip17_label8.npy
syn54236167,clip18_label2.npy,TRAIN/subject04_config1/clip18_label2.npy
syn54236157,clip19_label9.npy,TRAIN/subject04_config1/clip19_label9.npy
syn54236156,clip20_label3.npy,TRAIN/subject04_config1/clip20_label3.npy
syn54236176,clip21_label8.npy,TRAIN/subject04_config1/clip21_label8.npy
syn54236248,clip00_label8.npy,TRAIN/subject04_config2/clip00_label8.npy
syn54236259,clip01_label0.npy,TRAIN/subject04_config2/clip01_label0.npy
syn54236263,clip02_label8.npy,TRAIN/subject04_config2/clip02_label8.npy
syn54236246,clip03_label1.npy,TRAIN/subject04_config2/clip03_label1.npy
syn54236256,clip04_label8.npy,TRAIN/subject04_config2/clip04_label8.npy
syn54236262,clip05_label1.npy,TRAIN/subject04_config2/clip05_label1.npy
syn54236264,clip06_label8.npy,TRAIN/subject04_config2/clip06_label8.npy
syn54236269,clip07_label8.npy,TRAIN/subject04_config2/clip07_label8.npy
syn54236239,clip08_label2.npy,TRAIN/subject04_config2/clip08_label2.npy
syn54236257,clip09_label6.npy,TRAIN/subject04_config2/clip09_label6.npy
syn54236268,clip10_label3.npy,TRAIN/subject04_config2/clip10_label3.npy
syn54236249,clip11_label7.npy,TRAIN/subject04_config2/clip11_label7.npy
syn54236276,clip12_label2.npy,TRAIN/subject04_config2/clip12_label2.npy
syn54236245,clip13_label6.npy,TRAIN/subject04_config2/clip13_label6.npy
syn54236250,clip14_label3.npy,TRAIN/subject04_config2/clip14_label3.npy
syn54236267,clip15_label5.npy,TRAIN/subject04_config2/clip15_label5.npy
syn54236258,clip16_label8.npy,TRAIN/subject04_config2/clip16_label8.npy
syn54236243,clip17_label4.npy,TRAIN/subject04_config2/clip17_label4.npy
syn54236277,clip18_label5.npy,TRAIN/subject04_config2/clip18_label5.npy
syn54236272,clip19_label8.npy,TRAIN/subject04_config2/clip19_label8.npy
syn54236273,clip20_label5.npy,TRAIN/subject04_config2/clip20_label5.npy
syn54236253,clip21_label2.npy,TRAIN/subject04_config2/clip21_label2.npy
syn54236266,clip22_label9.npy,TRAIN/subject04_config2/clip22_label9.npy
syn54236240,clip23_label3.npy,TRAIN/subject04_config2/clip23_label3.npy
syn54236244,clip24_label5.npy,TRAIN/subject04_config2/clip24_label5.npy
syn54236265,clip25_label8.npy,TRAIN/subject04_config2/clip25_label8.npy
syn54236386,clip00_label8.npy,TRAIN/subject04_config3/clip00_label8.npy
syn54236392,clip01_label0.npy,TRAIN/subject04_config3/clip01_label0.npy
syn54236394,clip02_label8.npy,TRAIN/subject04_config3/clip02_label8.npy
syn54236385,clip03_label1.npy,TRAIN/subject04_config3/clip03_label1.npy
syn54236389,clip04_label8.npy,TRAIN/subject04_config3/clip04_label8.npy
syn54236393,clip05_label1.npy,TRAIN/subject04_config3/clip05_label1.npy
syn54236395,clip06_label8.npy,TRAIN/subject04_config3/clip06_label8.npy
syn54236403,clip07_label8.npy,TRAIN/subject04_config3/clip07_label8.npy
syn54236378,clip08_label2.npy,TRAIN/subject04_config3/clip08_label2.npy
syn54236390,clip09_label6.npy,TRAIN/subject04_config3/clip09_label6.npy
syn54236401,clip10_label3.npy,TRAIN/subject04_config3/clip10_label3.npy
syn54236387,clip11_label7.npy,TRAIN/subject04_config3/clip11_label7.npy
syn54236406,clip12_label2.npy,TRAIN/subject04_config3/clip12_label2.npy
syn54236382,clip13_label6.npy,TRAIN/subject04_config3/clip13_label6.npy
syn54236388,clip14_label3.npy,TRAIN/subject04_config3/clip14_label3.npy
syn54236399,clip15_label8.npy,TRAIN/subject04_config3/clip15_label8.npy
syn54236391,clip16_label8.npy,TRAIN/subject04_config3/clip16_label8.npy
syn54236381,clip17_label4.npy,TRAIN/subject04_config3/clip17_label4.npy
syn54236407,clip18_label5.npy,TRAIN/subject04_config3/clip18_label5.npy
syn54236404,clip19_label8.npy,TRAIN/subject04_config3/clip19_label8.npy
syn54236398,clip20_label2.npy,TRAIN/subject04_config3/clip20_label2.npy
syn54236402,clip21_label9.npy,TRAIN/subject04_config3/clip21_label9.npy
syn54236400,clip22_label3.npy,TRAIN/subject04_config3/clip22_label3.npy
syn54236405,clip23_label8.npy,TRAIN/subject04_config3/clip23_label8.npy
syn54236710,clip00_label8.npy,TRAIN/subject05_config1/clip00_label8.npy
syn54236717,clip01_label8.npy,TRAIN/subject05_config1/clip01_label8.npy
syn54236724,clip02_label0.npy,TRAIN/subject05_config1/clip02_label0.npy
syn54236713,clip03_label8.npy,TRAIN/subject05_config1/clip03_label8.npy
syn54236720,clip04_label1.npy,TRAIN/subject05_config1/clip04_label1.npy
syn54236721,clip05_label8.npy,TRAIN/subject05_config1/clip05_label8.npy
syn54236718,clip06_label1.npy,TRAIN/subject05_config1/clip06_label1.npy
syn54236731,clip07_label8.npy,TRAIN/subject05_config1/clip07_label8.npy
syn54236707,clip08_label2.npy,TRAIN/subject05_config1/clip08_label2.npy
syn54236716,clip09_label6.npy,TRAIN/subject05_config1/clip09_label6.npy
syn54236730,clip10_label3.npy,TRAIN/subject05_config1/clip10_label3.npy
syn54236711,clip11_label7.npy,TRAIN/subject05_config1/clip11_label7.npy
syn54236735,clip12_label2.npy,TRAIN/subject05_config1/clip12_label2.npy
syn54236709,clip13_label6.npy,TRAIN/subject05_config1/clip13_label6.npy
syn54236712,clip14_label3.npy,TRAIN/subject05_config1/clip14_label3.npy
syn54236727,clip15_label8.npy,TRAIN/subject05_config1/clip15_label8.npy
syn54236708,clip16_label0.npy,TRAIN/subject05_config1/clip16_label0.npy
syn54236726,clip17_label8.npy,TRAIN/subject05_config1/clip17_label8.npy
syn54236728,clip18_label4.npy,TRAIN/subject05_config1/clip18_label4.npy
syn54236732,clip19_label8.npy,TRAIN/subject05_config1/clip19_label8.npy
syn54236734,clip20_label5.npy,TRAIN/subject05_config1/clip20_label5.npy
syn54236736,clip21_label8.npy,TRAIN/subject05_config1/clip21_label8.npy
syn54236715,clip22_label2.npy,TRAIN/subject05_config1/clip22_label2.npy
syn54236719,clip23_label9.npy,TRAIN/subject05_config1/clip23_label9.npy
syn54236723,clip24_label3.npy,TRAIN/subject05_config1/clip24_label3.npy
syn54236725,clip25_label8.npy,TRAIN/subject05_config1/clip25_label8.npy
syn54236317,clip00_label8.npy,TRAIN/subject05_config2/clip00_label8.npy
syn54236328,clip01_label8.npy,TRAIN/subject05_config2/clip01_label8.npy
syn54236337,clip02_label0.npy,TRAIN/subject05_config2/clip02_label0.npy
syn54236325,clip03_label8.npy,TRAIN/subject05_config2/clip03_label8.npy
syn54236332,clip04_label1.npy,TRAIN/subject05_config2/clip04_label1.npy
syn54236333,clip05_label8.npy,TRAIN/subject05_config2/clip05_label8.npy
syn54236329,clip06_label1.npy,TRAIN/subject05_config2/clip06_label1.npy
syn54236341,clip07_label8.npy,TRAIN/subject05_config2/clip07_label8.npy
syn54236314,clip08_label2.npy,TRAIN/subject05_config2/clip08_label2.npy
syn54236327,clip09_label6.npy,TRAIN/subject05_config2/clip09_label6.npy
syn54236340,clip10_label3.npy,TRAIN/subject05_config2/clip10_label3.npy
syn54236318,clip11_label7.npy,TRAIN/subject05_config2/clip11_label7.npy
syn54236345,clip12_label2.npy,TRAIN/subject05_config2/clip12_label2.npy
syn54236316,clip13_label6.npy,TRAIN/subject05_config2/clip13_label6.npy
syn54236319,clip14_label3.npy,TRAIN/subject05_config2/clip14_label3.npy
syn54236338,clip15_label8.npy,TRAIN/subject05_config2/clip15_label8.npy
syn54236330,clip16_label4.npy,TRAIN/subject05_config2/clip16_label4.npy
syn54236331,clip17_label5.npy,TRAIN/subject05_config2/clip17_label5.npy
syn54236342,clip18_label8.npy,TRAIN/subject05_config2/clip18_label8.npy
syn54236336,clip19_label5.npy,TRAIN/subject05_config2/clip19_label5.npy
syn54236326,clip20_label8.npy,TRAIN/subject05_config2/clip20_label8.npy
syn54236324,clip21_label2.npy,TRAIN/subject05_config2/clip21_label2.npy
syn54236339,clip22_label9.npy,TRAIN/subject05_config2/clip22_label9.npy
syn54236315,clip23_label3.npy,TRAIN/subject05_config2/clip23_label3.npy
syn54235797,clip00_label1.npy,TRAIN/subject05_config3/clip00_label1.npy
syn54235763,clip01_label5.npy,TRAIN/subject05_config3/clip01_label5.npy
syn54235776,clip02_label8.npy,TRAIN/subject05_config3/clip02_label8.npy
syn54235767,clip03_label0.npy,TRAIN/subject05_config3/clip03_label0.npy
syn54235766,clip04_label8.npy,TRAIN/subject05_config3/clip04_label8.npy
syn54235770,clip05_label1.npy,TRAIN/subject05_config3/clip05_label1.npy
syn54235778,clip06_label8.npy,TRAIN/subject05_config3/clip06_label8.npy
syn54235782,clip07_label1.npy,TRAIN/subject05_config3/clip07_label1.npy
syn54235769,clip08_label8.npy,TRAIN/subject05_config3/clip08_label8.npy
syn54235785,clip09_label2.npy,TRAIN/subject05_config3/clip09_label2.npy
syn54235796,clip10_label6.npy,TRAIN/subject05_config3/clip10_label6.npy
syn54235792,clip11_label3.npy,TRAIN/subject05_config3/clip11_label3.npy
syn54235781,clip12_label7.npy,TRAIN/subject05_config3/clip12_label7.npy
syn54235789,clip13_label2.npy,TRAIN/subject05_config3/clip13_label2.npy
syn54235786,clip14_label6.npy,TRAIN/subject05_config3/clip14_label6.npy
syn54235764,clip15_label3.npy,TRAIN/subject05_config3/clip15_label3.npy
syn54235765,clip16_label5.npy,TRAIN/subject05_config3/clip16_label5.npy
syn54235784,clip17_label8.npy,TRAIN/subject05_config3/clip17_label8.npy
syn54235795,clip18_label4.npy,TRAIN/subject05_config3/clip18_label4.npy
syn54235798,clip19_label8.npy,TRAIN/subject05_config3/clip19_label8.npy
syn54235799,clip20_label5.npy,TRAIN/subject05_config3/clip20_label5.npy
syn54235800,clip21_label8.npy,TRAIN/subject05_config3/clip21_label8.npy
syn54235768,clip22_label2.npy,TRAIN/subject05_config3/clip22_label2.npy
syn54235775,clip23_label9.npy,TRAIN/subject05_config3/clip23_label9.npy
syn54235777,clip24_label3.npy,TRAIN/subject05_config3/clip24_label3.npy
syn54235783,clip25_label8.npy,TRAIN/subject05_config3/clip25_label8.npy
syn54236682,clip00_label8.npy,TRAIN/subject06_config1/clip00_label8.npy
syn54236687,clip01_label8.npy,TRAIN/subject06_config1/clip01_label8.npy
syn54236693,clip02_label0.npy,TRAIN/subject06_config1/clip02_label0.npy
syn54236685,clip03_label8.npy,TRAIN/subject06_config1/clip03_label8.npy
syn54236691,clip04_label1.npy,TRAIN/subject06_config1/clip04_label1.npy
syn54236692,clip05_label8.npy,TRAIN/subject06_config1/clip05_label8.npy
syn54236688,clip06_label1.npy,TRAIN/subject06_config1/clip06_label1.npy
syn54236701,clip07_label8.npy,TRAIN/subject06_config1/clip07_label8.npy
syn54236678,clip08_label2.npy,TRAIN/subject06_config1/clip08_label2.npy
syn54236686,clip09_label6.npy,TRAIN/subject06_config1/clip09_label6.npy
syn54236699,clip10_label3.npy,TRAIN/subject06_config1/clip10_label3.npy
syn54236683,clip11_label7.npy,TRAIN/subject06_config1/clip11_label7.npy
syn54236704,clip12_label2.npy,TRAIN/subject06_config1/clip12_label2.npy
syn54236681,clip13_label6.npy,TRAIN/subject06_config1/clip13_label6.npy
syn54236684,clip14_label3.npy,TRAIN/subject06_config1/clip14_label3.npy
syn54236696,clip15_label8.npy,TRAIN/subject06_config1/clip15_label8.npy
syn54236689,clip16_label4.npy,TRAIN/subject06_config1/clip16_label4.npy
syn54236694,clip17_label8.npy,TRAIN/subject06_config1/clip17_label8.npy
syn54236705,clip18_label5.npy,TRAIN/subject06_config1/clip18_label5.npy
syn54236702,clip19_label8.npy,TRAIN/subject06_config1/clip19_label8.npy
syn54236695,clip20_label2.npy,TRAIN/subject06_config1/clip20_label2.npy
syn54236700,clip21_label9.npy,TRAIN/subject06_config1/clip21_label9.npy
syn54236697,clip22_label3.npy,TRAIN/subject06_config1/clip22_label3.npy
syn54236703,clip23_label8.npy,TRAIN/subject06_config1/clip23_label8.npy
syn54236005,clip00_label8.npy,TRAIN/subject06_config2/clip00_label8.npy
syn54236010,clip01_label8.npy,TRAIN/subject06_config2/clip01_label8.npy
syn54236015,clip02_label0.npy,TRAIN/subject06_config2/clip02_label0.npy
syn54236008,clip03_label8.npy,TRAIN/subject06_config2/clip03_label8.npy
syn54236013,clip04_label1.npy,TRAIN/subject06_config2/clip04_label1.npy
syn54236014,clip05_label8.npy,TRAIN/subject06_config2/clip05_label8.npy
syn54236011,clip06_label1.npy,TRAIN/subject06_config2/clip06_label1.npy
syn54236023,clip07_label8.npy,TRAIN/subject06_config2/clip07_label8.npy
syn54236003,clip08_label2.npy,TRAIN/subject06_config2/clip08_label2.npy
syn54236009,clip09_label6.npy,TRAIN/subject06_config2/clip09_label6.npy
syn54236020,clip10_label3.npy,TRAIN/subject06_config2/clip10_label3.npy
syn54236006,clip11_label7.npy,TRAIN/subject06_config2/clip11_label7.npy
syn54236026,clip12_label2.npy,TRAIN/subject06_config2/clip12_label2.npy
syn54236004,clip13_label6.npy,TRAIN/subject06_config2/clip13_label6.npy
syn54236007,clip14_label3.npy,TRAIN/subject06_config2/clip14_label3.npy
syn54236018,clip15_label8.npy,TRAIN/subject06_config2/clip15_label8.npy
syn54236012,clip16_label4.npy,TRAIN/subject06_config2/clip16_label4.npy
syn54236016,clip17_label8.npy,TRAIN/subject06_config2/clip17_label8.npy
syn54236027,clip18_label5.npy,TRAIN/subject06_config2/clip18_label5.npy
syn54236024,clip19_label8.npy,TRAIN/subject06_config2/clip19_label8.npy
syn54236017,clip20_label2.npy,TRAIN/subject06_config2/clip20_label2.npy
syn54236021,clip21_label9.npy,TRAIN/subject06_config2/clip21_label9.npy
syn54236019,clip22_label3.npy,TRAIN/subject06_config2/clip22_label3.npy
syn54236025,clip23_label8.npy,TRAIN/subject06_config2/clip23_label8.npy
syn54235839,clip00_label8.npy,TRAIN/subject06_config3/clip00_label8.npy
syn54235844,clip01_label8.npy,TRAIN/subject06_config3/clip01_label8.npy
syn54235849,clip02_label0.npy,TRAIN/subject06_config3/clip02_label0.npy
syn54235842,clip03_label8.npy,TRAIN/subject06_config3/clip03_label8.npy
syn54235847,clip04_label1.npy,TRAIN/subject06_config3/clip04_label1.npy
syn54235848,clip05_label8.npy,TRAIN/subject06_config3/clip05_label8.npy
syn54235845,clip06_label1.npy,TRAIN/subject06_config3/clip06_label1.npy
syn54235856,clip07_label8.npy,TRAIN/subject06_config3/clip07_label8.npy
syn54235837,clip08_label2.npy,TRAIN/subject06_config3/clip08_label2.npy
syn54235843,clip09_label6.npy,TRAIN/subject06_config3/clip09_label6.npy
syn54235854,clip10_label3.npy,TRAIN/subject06_config3/clip10_label3.npy
syn54235840,clip11_label7.npy,TRAIN/subject06_config3/clip11_label7.npy
syn54235859,clip12_label2.npy,TRAIN/subject06_config3/clip12_label2.npy
syn54235838,clip13_label6.npy,TRAIN/subject06_config3/clip13_label6.npy
syn54235841,clip14_label3.npy,TRAIN/subject06_config3/clip14_label3.npy
syn54235852,clip15_label8.npy,TRAIN/subject06_config3/clip15_label8.npy
syn54235846,clip16_label4.npy,TRAIN/subject06_config3/clip16_label4.npy
syn54235850,clip17_label8.npy,TRAIN/subject06_config3/clip17_label8.npy
syn54235860,clip18_label5.npy,TRAIN/subject06_config3/clip18_label5.npy
syn54235857,clip19_label8.npy,TRAIN/subject06_config3/clip19_label8.npy
syn54235851,clip20_label2.npy,TRAIN/subject06_config3/clip20_label2.npy
syn54235855,clip21_label9.npy,TRAIN/subject06_config3/clip21_label9.npy
syn54235853,clip22_label3.npy,TRAIN/subject06_config3/clip22_label3.npy
syn54235858,clip23_label8.npy,TRAIN/subject06_config3/clip23_label8.npy
syn54236557,clip00_label8.npy,TRAIN/subject07_config1/clip00_label8.npy
syn54236569,clip01_label8.npy,TRAIN/subject07_config1/clip01_label8.npy
syn54236584,clip02_label0.npy,TRAIN/subject07_config1/clip02_label0.npy
syn54236562,clip03_label8.npy,TRAIN/subject07_config1/clip03_label8.npy
syn54236578,clip04_label1.npy,TRAIN/subject07_config1/clip04_label1.npy
syn54236583,clip05_label8.npy,TRAIN/subject07_config1/clip05_label8.npy
syn54236572,clip06_label1.npy,TRAIN/subject07_config1/clip06_label1.npy
syn54236595,clip07_label8.npy,TRAIN/subject07_config1/clip07_label8.npy
syn54236553,clip08_label2.npy,TRAIN/subject07_config1/clip08_label2.npy
syn54236566,clip09_label6.npy,TRAIN/subject07_config1/clip09_label6.npy
syn54236592,clip10_label3.npy,TRAIN/subject07_config1/clip10_label3.npy
syn54236560,clip11_label7.npy,TRAIN/subject07_config1/clip11_label7.npy
syn54236600,clip12_label2.npy,TRAIN/subject07_config1/clip12_label2.npy
syn54236556,clip13_label6.npy,TRAIN/subject07_config1/clip13_label6.npy
syn54236561,clip14_label3.npy,TRAIN/subject07_config1/clip14_label3.npy
syn54236587,clip15_label8.npy,TRAIN/subject07_config1/clip15_label8.npy
syn54236554,clip16_label5.npy,TRAIN/subject07_config1/clip16_label5.npy
syn54236585,clip17_label8.npy,TRAIN/subject07_config1/clip17_label8.npy
syn54236591,clip18_label4.npy,TRAIN/subject07_config1/clip18_label4.npy
syn54236596,clip19_label8.npy,TRAIN/subject07_config1/clip19_label8.npy
syn54236599,clip20_label5.npy,TRAIN/subject07_config1/clip20_label5.npy
syn54236601,clip21_label8.npy,TRAIN/subject07_config1/clip21_label8.npy
syn54236590,clip22_label3.npy,TRAIN/subject07_config1/clip22_label3.npy
syn54236573,clip23_label9.npy,TRAIN/subject07_config1/clip23_label9.npy
syn54236555,clip24_label5.npy,TRAIN/subject07_config1/clip24_label5.npy
syn54236586,clip25_label9.npy,TRAIN/subject07_config1/clip25_label9.npy
syn54236581,clip26_label2.npy,TRAIN/subject07_config1/clip26_label2.npy
syn54236563,clip27_label8.npy,TRAIN/subject07_config1/clip27_label8.npy
syn54236641,clip00_label8.npy,TRAIN/subject07_config2/clip00_label8.npy
syn54236646,clip01_label8.npy,TRAIN/subject07_config2/clip01_label8.npy
syn54236653,clip02_label0.npy,TRAIN/subject07_config2/clip02_label0.npy
syn54236644,clip03_label8.npy,TRAIN/subject07_config2/clip03_label8.npy
syn54236651,clip04_label1.npy,TRAIN/subject07_config2/clip04_label1.npy
syn54236652,clip05_label8.npy,TRAIN/subject07_config2/clip05_label8.npy
syn54236648,clip06_label1.npy,TRAIN/subject07_config2/clip06_label1.npy
syn54236668,clip07_label8.npy,TRAIN/subject07_config2/clip07_label8.npy
syn54236637,clip08_label2.npy,TRAIN/subject07_config2/clip08_label2.npy
syn54236645,clip09_label6.npy,TRAIN/subject07_config2/clip09_label6.npy
syn54236666,clip10_label3.npy,TRAIN/subject07_config2/clip10_label3.npy
syn54236642,clip11_label7.npy,TRAIN/subject07_config2/clip11_label7.npy
syn54236674,clip12_label2.npy,TRAIN/subject07_config2/clip12_label2.npy
syn54236640,clip13_label6.npy,TRAIN/subject07_config2/clip13_label6.npy
syn54236643,clip14_label3.npy,TRAIN/subject07_config2/clip14_label3.npy
syn54236657,clip15_label8.npy,TRAIN/subject07_config2/clip15_label8.npy
syn54236650,clip16_label4.npy,TRAIN/subject07_config2/clip16_label4.npy
syn54236654,clip17_label8.npy,TRAIN/subject07_config2/clip17_label8.npy
syn54236676,clip18_label5.npy,TRAIN/subject07_config2/clip18_label5.npy
syn54236671,clip19_label8.npy,TRAIN/subject07_config2/clip19_label8.npy
syn54236655,clip20_label2.npy,TRAIN/subject07_config2/clip20_label2.npy
syn54236667,clip21_label9.npy,TRAIN/subject07_config2/clip21_label9.npy
syn54236665,clip22_label3.npy,TRAIN/subject07_config2/clip22_label3.npy
syn54236673,clip23_label8.npy,TRAIN/subject07_config2/clip23_label8.npy
syn54236031,clip00_label8.npy,TRAIN/subject07_config3/clip00_label8.npy
syn54236038,clip01_label8.npy,TRAIN/subject07_config3/clip01_label8.npy
syn54236047,clip02_label0.npy,TRAIN/subject07_config3/clip02_label0.npy
syn54236035,clip03_label8.npy,TRAIN/subject07_config3/clip03_label8.npy
syn54236044,clip04_label1.npy,TRAIN/subject07_config3/clip04_label1.npy
syn54236045,clip05_label8.npy,TRAIN/subject07_config3/clip05_label8.npy
syn54236040,clip06_label1.npy,TRAIN/subject07_config3/clip06_label1.npy
syn54236056,clip07_label8.npy,TRAIN/subject07_config3/clip07_label8.npy
syn54236029,clip08_label2.npy,TRAIN/subject07_config3/clip08_label2.npy
syn54236037,clip09_label6.npy,TRAIN/subject07_config3/clip09_label6.npy
syn54236054,clip10_label3.npy,TRAIN/subject07_config3/clip10_label3.npy
syn54236033,clip11_label7.npy,TRAIN/subject07_config3/clip11_label7.npy
syn54236059,clip12_label2.npy,TRAIN/subject07_config3/clip12_label2.npy
syn54236030,clip13_label6.npy,TRAIN/subject07_config3/clip13_label6.npy
syn54236034,clip14_label3.npy,TRAIN/subject07_config3/clip14_label3.npy
syn54236051,clip15_label8.npy,TRAIN/subject07_config3/clip15_label8.npy
syn54236042,clip16_label4.npy,TRAIN/subject07_config3/clip16_label4.npy
syn54236048,clip17_label8.npy,TRAIN/subject07_config3/clip17_label8.npy
syn54236060,clip18_label5.npy,TRAIN/subject07_config3/clip18_label5.npy
syn54236057,clip19_label8.npy,TRAIN/subject07_config3/clip19_label8.npy
syn54236049,clip20_label2.npy,TRAIN/subject07_config3/clip20_label2.npy
syn54236055,clip21_label9.npy,TRAIN/subject07_config3/clip21_label9.npy
syn54236052,clip22_label3.npy,TRAIN/subject07_config3/clip22_label3.npy
syn54235864,clip00_label8.npy,TRAIN/subject08_config1/clip00_label8.npy
syn54235871,clip01_label8.npy,TRAIN/subject08_config1/clip01_label8.npy
syn54235876,clip02_label0.npy,TRAIN/subject08_config1/clip02_label0.npy
syn54235867,clip03_label8.npy,TRAIN/subject08_config1/clip03_label8.npy
syn54235874,clip04_label1.npy,TRAIN/subject08_config1/clip04_label1.npy
syn54235875,clip05_label8.npy,TRAIN/subject08_config1/clip05_label8.npy
syn54235872,clip06_label1.npy,TRAIN/subject08_config1/clip06_label1.npy
syn54235883,clip07_label8.npy,TRAIN/subject08_config1/clip07_label8.npy
syn54235862,clip08_label2.npy,TRAIN/subject08_config1/clip08_label2.npy
syn54235870,clip09_label6.npy,TRAIN/subject08_config1/clip09_label6.npy
syn54235881,clip10_label3.npy,TRAIN/subject08_config1/clip10_label3.npy
syn54235865,clip11_label7.npy,TRAIN/subject08_config1/clip11_label7.npy
syn54235886,clip12_label2.npy,TRAIN/subject08_config1/clip12_label2.npy
syn54235863,clip13_label6.npy,TRAIN/subject08_config1/clip13_label6.npy
syn54235866,clip14_label3.npy,TRAIN/subject08_config1/clip14_label3.npy
syn54235879,clip15_label8.npy,TRAIN/subject08_config1/clip15_label8.npy
syn54235873,clip16_label4.npy,TRAIN/subject08_config1/clip16_label4.npy
syn54235877,clip17_label8.npy,TRAIN/subject08_config1/clip17_label8.npy
syn54235887,clip18_label5.npy,TRAIN/subject08_config1/clip18_label5.npy
syn54235884,clip19_label8.npy,TRAIN/subject08_config1/clip19_label8.npy
syn54235878,clip20_label2.npy,TRAIN/subject08_config1/clip20_label2.npy
syn54235882,clip21_label9.npy,TRAIN/subject08_config1/clip21_label9.npy
syn54235880,clip22_label3.npy,TRAIN/subject08_config1/clip22_label3.npy
syn54235885,clip23_label8.npy,TRAIN/subject08_config1/clip23_label8.npy
syn54236474,clip00_label8.npy,TRAIN/subject08_config2/clip00_label8.npy
syn54236484,clip01_label8.npy,TRAIN/subject08_config2/clip01_label8.npy
syn54236499,clip02_label0.npy,TRAIN/subject08_config2/clip02_label0.npy
syn54236478,clip03_label8.npy,TRAIN/subject08_config2/clip03_label8.npy
syn54236494,clip04_label1.npy,TRAIN/subject08_config2/clip04_label1.npy
syn54236495,clip05_label8.npy,TRAIN/subject08_config2/clip05_label8.npy
syn54236489,clip06_label1.npy,TRAIN/subject08_config2/clip06_label1.npy
syn54236503,clip07_label8.npy,TRAIN/subject08_config2/clip07_label8.npy
syn54236493,clip08_label5.npy,TRAIN/subject08_config2/clip08_label5.npy
syn54236477,clip09_label8.npy,TRAIN/subject08_config2/clip09_label8.npy
syn54236502,clip10_label2.npy,TRAIN/subject08_config2/clip10_label2.npy
syn54236471,clip11_label6.npy,TRAIN/subject08_config2/clip11_label6.npy
syn54236498,clip12_label3.npy,TRAIN/subject08_config2/clip12_label3.npy
syn54236490,clip13_label7.npy,TRAIN/subject08_config2/clip13_label7.npy
syn54236497,clip14_label2.npy,TRAIN/subject08_config2/clip14_label2.npy
syn54236504,clip15_label6.npy,TRAIN/subject08_config2/clip15_label6.npy
syn54236492,clip16_label3.npy,TRAIN/subject08_config2/clip16_label3.npy
syn54236500,clip17_label8.npy,TRAIN/subject08_config2/clip17_label8.npy
syn54236501,clip18_label4.npy,TRAIN/subject08_config2/clip18_label4.npy
syn54236505,clip19_label8.npy,TRAIN/subject08_config2/clip19_label8.npy
syn54236506,clip20_label5.npy,TRAIN/subject08_config2/clip20_label5.npy
syn54236507,clip21_label8.npy,TRAIN/subject08_config2/clip21_label8.npy
syn54236481,clip22_label2.npy,TRAIN/subject08_config2/clip22_label2.npy
syn54236491,clip23_label9.npy,TRAIN/subject08_config2/clip23_label9.npy
syn54236496,clip24_label3.npy,TRAIN/subject08_config2/clip24_label3.npy
syn54236100,clip00_label8.npy,TRAIN/subject08_config3/clip00_label8.npy
syn54236107,clip01_label8.npy,TRAIN/subject08_config3/clip01_label8.npy
syn54236115,clip02_label0.npy,TRAIN/subject08_config3/clip02_label0.npy
syn54236104,clip03_label8.npy,TRAIN/subject08_config3/clip03_label8.npy
syn54236112,clip04_label1.npy,TRAIN/subject08_config3/clip04_label1.npy
syn54236113,clip05_label8.npy,TRAIN/subject08_config3/clip05_label8.npy
syn54236108,clip06_label1.npy,TRAIN/subject08_config3/clip06_label1.npy
syn54236123,clip07_label8.npy,TRAIN/subject08_config3/clip07_label8.npy
syn54236098,clip08_label2.npy,TRAIN/subject08_config3/clip08_label2.npy
syn54236105,clip09_label6.npy,TRAIN/subject08_config3/clip09_label6.npy
syn54236121,clip10_label3.npy,TRAIN/subject08_config3/clip10_label3.npy
syn54236102,clip11_label7.npy,TRAIN/subject08_config3/clip11_label7.npy
syn54236126,clip12_label2.npy,TRAIN/subject08_config3/clip12_label2.npy
syn54236099,clip13_label6.npy,TRAIN/subject08_config3/clip13_label6.npy
syn54236103,clip14_label3.npy,TRAIN/subject08_config3/clip14_label3.npy
syn54236119,clip15_label8.npy,TRAIN/subject08_config3/clip15_label8.npy
syn54236110,clip16_label4.npy,TRAIN/subject08_config3/clip16_label4.npy
syn54236116,clip17_label8.npy,TRAIN/subject08_config3/clip17_label8.npy
syn54236127,clip18_label5.npy,TRAIN/subject08_config3/clip18_label5.npy
syn54236124,clip19_label8.npy,TRAIN/subject08_config3/clip19_label8.npy
syn54236117,clip20_label2.npy,TRAIN/subject08_config3/clip20_label2.npy
syn54236122,clip21_label9.npy,TRAIN/subject08_config3/clip21_label9.npy
syn54236120,clip22_label3.npy,TRAIN/subject08_config3/clip22_label3.npy
syn54236125,clip23_label8.npy,TRAIN/subject08_config3/clip23_label8.npy
syn54236132,clip00_label8.npy,TRAIN/subject10_config1/clip00_label8.npy
syn54236138,clip01_label8.npy,TRAIN/subject10_config1/clip01_label8.npy
syn54236144,clip02_label0.npy,TRAIN/subject10_config1/clip02_label0.npy
syn54236135,clip03_label8.npy,TRAIN/subject10_config1/clip03_label8.npy
syn54236142,clip04_label1.npy,TRAIN/subject10_config1/clip04_label1.npy
syn54236143,clip05_label8.npy,TRAIN/subject10_config1/clip05_label8.npy
syn54236139,clip06_label1.npy,TRAIN/subject10_config1/clip06_label1.npy
syn54236149,clip07_label8.npy,TRAIN/subject10_config1/clip07_label8.npy
syn54236129,clip08_label2.npy,TRAIN/subject10_config1/clip08_label2.npy
syn54236137,clip09_label6.npy,TRAIN/subject10_config1/clip09_label6.npy
syn54236147,clip10_label3.npy,TRAIN/subject10_config1/clip10_label3.npy
syn54236133,clip11_label7.npy,TRAIN/subject10_config1/clip11_label7.npy
syn54236152,clip12_label2.npy,TRAIN/subject10_config1/clip12_label2.npy
syn54236131,clip13_label6.npy,TRAIN/subject10_config1/clip13_label6.npy
syn54236134,clip14_label3.npy,TRAIN/subject10_config1/clip14_label3.npy
syn54236146,clip15_label8.npy,TRAIN/subject10_config1/clip15_label8.npy
syn54236140,clip16_label4.npy,TRAIN/subject10_config1/clip16_label4.npy
syn54236145,clip17_label8.npy,TRAIN/subject10_config1/clip17_label8.npy
syn54236153,clip18_label5.npy,TRAIN/subject10_config1/clip18_label5.npy
syn54236150,clip19_label8.npy,TRAIN/subject10_config1/clip19_label8.npy
syn54236130,clip20_label3.npy,TRAIN/subject10_config1/clip20_label3.npy
syn54236148,clip21_label9.npy,TRAIN/subject10_config1/clip21_label9.npy
syn54236136,clip22_label2.npy,TRAIN/subject10_config1/clip22_label2.npy
syn54236151,clip23_label8.npy,TRAIN/subject10_config1/clip23_label8.npy
syn54236286,clip00_label8.npy,TRAIN/subject10_config2/clip00_label8.npy
syn54236294,clip01_label8.npy,TRAIN/subject10_config2/clip01_label8.npy
syn54236299,clip02_label0.npy,TRAIN/subject10_config2/clip02_label0.npy
syn54236291,clip03_label8.npy,TRAIN/subject10_config2/clip03_label8.npy
syn54236297,clip04_label1.npy,TRAIN/subject10_config2/clip04_label1.npy
syn54236298,clip05_label8.npy,TRAIN/subject10_config2/clip05_label8.npy
syn54236295,clip06_label1.npy,TRAIN/subject10_config2/clip06_label1.npy
syn54236304,clip07_label8.npy,TRAIN/subject10_config2/clip07_label8.npy
syn54236279,clip08_label2.npy,TRAIN/subject10_config2/clip08_label2.npy
syn54236293,clip09_label6.npy,TRAIN/subject10_config2/clip09_label6.npy
syn54236302,clip10_label3.npy,TRAIN/subject10_config2/clip10_label3.npy
syn54236289,clip11_label7.npy,TRAIN/subject10_config2/clip11_label7.npy
syn54236309,clip12_label2.npy,TRAIN/subject10_config2/clip12_label2.npy
syn54236283,clip13_label6.npy,TRAIN/subject10_config2/clip13_label6.npy
syn54236290,clip14_label3.npy,TRAIN/subject10_config2/clip14_label3.npy
syn54236301,clip15_label8.npy,TRAIN/subject10_config2/clip15_label8.npy
syn54236296,clip16_label4.npy,TRAIN/subject10_config2/clip16_label4.npy
syn54236300,clip17_label8.npy,TRAIN/subject10_config2/clip17_label8.npy
syn54236312,clip18_label5.npy,TRAIN/subject10_config2/clip18_label5.npy
syn54236307,clip19_label8.npy,TRAIN/subject10_config2/clip19_label8.npy
syn54236280,clip20_label3.npy,TRAIN/subject10_config2/clip20_label3.npy
syn54236303,clip21_label9.npy,TRAIN/subject10_config2/clip21_label9.npy
syn54236292,clip22_label2.npy,TRAIN/subject10_config2/clip22_label2.npy
syn54236308,clip23_label8.npy,TRAIN/subject10_config2/clip23_label8.npy
syn54235992,clip00_label0.npy,TRAIN/subject10_config3/clip00_label0.npy
syn54235987,clip01_label8.npy,TRAIN/subject10_config3/clip01_label8.npy
syn54235991,clip02_label8.npy,TRAIN/subject10_config3/clip02_label8.npy
syn54235983,clip03_label4.npy,TRAIN/subject10_config3/clip03_label4.npy
syn54235980,clip04_label8.npy,TRAIN/subject10_config3/clip04_label8.npy
syn54235986,clip05_label0.npy,TRAIN/subject10_config3/clip05_label0.npy
syn54235994,clip06_label8.npy,TRAIN/subject10_config3/clip06_label8.npy
syn54235995,clip07_label1.npy,TRAIN/subject10_config3/clip07_label1.npy
syn54235984,clip08_label8.npy,TRAIN/subject10_config3/clip08_label8.npy
syn54235993,clip09_label1.npy,TRAIN/subject10_config3/clip09_label1.npy
syn54235976,clip10_label8.npy,TRAIN/subject10_config3/clip10_label8.npy
syn54235997,clip11_label2.npy,TRAIN/subject10_config3/clip11_label2.npy
syn54236000,clip12_label6.npy,TRAIN/subject10_config3/clip12_label6.npy
syn54235978,clip13_label3.npy,TRAIN/subject10_config3/clip13_label3.npy
syn54235977,clip14_label7.npy,TRAIN/subject10_config3/clip14_label7.npy
syn54235998,clip15_label2.npy,TRAIN/subject10_config3/clip15_label2.npy
syn54235982,clip16_label6.npy,TRAIN/subject10_config3/clip16_label6.npy
syn54235989,clip17_label3.npy,TRAIN/subject10_config3/clip17_label3.npy
syn54236001,clip18_label8.npy,TRAIN/subject10_config3/clip18_label8.npy
syn54235985,clip19_label4.npy,TRAIN/subject10_config3/clip19_label4.npy
syn54235981,clip20_label8.npy,TRAIN/subject10_config3/clip20_label8.npy
syn54235979,clip21_label5.npy,TRAIN/subject10_config3/clip21_label5.npy
syn54235999,clip22_label3.npy,TRAIN/subject10_config3/clip22_label3.npy
syn54235990,clip23_label9.npy,TRAIN/subject10_config3/clip23_label9.npy
syn54235988,clip24_label2.npy,TRAIN/subject10_config3/clip24_label2.npy
syn54235996,clip25_label8.npy,TRAIN/subject10_config3/clip25_label8.npy
syn54236064,clip00_label8.npy,TRAIN/subject11_config1/clip00_label8.npy
syn54236070,clip01_label8.npy,TRAIN/subject11_config1/clip01_label8.npy
syn54236081,clip02_label0.npy,TRAIN/subject11_config1/clip02_label0.npy
syn54236068,clip03_label8.npy,TRAIN/subject11_config1/clip03_label8.npy
syn54236077,clip04_label1.npy,TRAIN/subject11_config1/clip04_label1.npy
syn54236078,clip05_label8.npy,TRAIN/subject11_config1/clip05_label8.npy
syn54236072,clip06_label1.npy,TRAIN/subject11_config1/clip06_label1.npy
syn54236090,clip07_label8.npy,TRAIN/subject11_config1/clip07_label8.npy
syn54236062,clip08_label2.npy,TRAIN/subject11_config1/clip08_label2.npy
syn54236069,clip09_label6.npy,TRAIN/subject11_config1/clip09_label6.npy
syn54236088,clip10_label3.npy,TRAIN/subject11_config1/clip10_label3.npy
syn54236066,clip11_label7.npy,TRAIN/subject11_config1/clip11_label7.npy
syn54236094,clip12_label2.npy,TRAIN/subject11_config1/clip12_label2.npy
syn54236063,clip13_label6.npy,TRAIN/subject11_config1/clip13_label6.npy
syn54236067,clip14_label3.npy,TRAIN/subject11_config1/clip14_label3.npy
syn54236085,clip15_label8.npy,TRAIN/subject11_config1/clip15_label8.npy
syn54236073,clip16_label4.npy,TRAIN/subject11_config1/clip16_label4.npy
syn54236083,clip17_label8.npy,TRAIN/subject11_config1/clip17_label8.npy
syn54236096,clip18_label5.npy,TRAIN/subject11_config1/clip18_label5.npy
syn54236091,clip19_label8.npy,TRAIN/subject11_config1/clip19_label8.npy
syn54236084,clip20_label2.npy,TRAIN/subject11_config1/clip20_label2.npy
syn54236089,clip21_label9.npy,TRAIN/subject11_config1/clip21_label9.npy
syn54236086,clip22_label3.npy,TRAIN/subject11_config1/clip22_label3.npy
syn54236092,clip23_label8.npy,TRAIN/subject11_config1/clip23_label8.npy
syn54236217,clip00_label8.npy,TRAIN/subject11_config2/clip00_label8.npy
syn54236226,clip01_label0.npy,TRAIN/subject11_config2/clip01_label0.npy
syn54236229,clip02_label8.npy,TRAIN/subject11_config2/clip02_label8.npy
syn54236216,clip03_label1.npy,TRAIN/subject11_config2/clip03_label1.npy
syn54236223,clip04_label8.npy,TRAIN/subject11_config2/clip04_label8.npy
syn54236227,clip05_label1.npy,TRAIN/subject11_config2/clip05_label1.npy
syn54236230,clip06_label8.npy,TRAIN/subject11_config2/clip06_label8.npy
syn54236215,clip07_label2.npy,TRAIN/subject11_config2/clip07_label2.npy
syn54236225,clip08_label6.npy,TRAIN/subject11_config2/clip08_label6.npy
syn54236221,clip09_label3.npy,TRAIN/subject11_config2/clip09_label3.npy
syn54236222,clip10_label7.npy,TRAIN/subject11_config2/clip10_label7.npy
syn54236232,clip11_label2.npy,TRAIN/subject11_config2/clip11_label2.npy
syn54236234,clip12_label6.npy,TRAIN/subject11_config2/clip12_label6.npy
syn54236211,clip13_label3.npy,TRAIN/subject11_config2/clip13_label3.npy
syn54236210,clip14_label8.npy,TRAIN/subject11_config2/clip14_label8.npy
syn54236209,clip15_label4.npy,TRAIN/subject11_config2/clip15_label4.npy
syn54236224,clip16_label8.npy,TRAIN/subject11_config2/clip16_label8.npy
syn54236228,clip17_label5.npy,TRAIN/subject11_config2/clip17_label5.npy
syn54236235,clip18_label8.npy,TRAIN/subject11_config2/clip18_label8.npy
syn54236231,clip19_label3.npy,TRAIN/subject11_config2/clip19_label3.npy
syn54236233,clip20_label9.npy,TRAIN/subject11_config2/clip20_label9.npy
syn54236220,clip21_label2.npy,TRAIN/subject11_config2/clip21_label2.npy
syn54236212,clip22_label8.npy,TRAIN/subject11_config2/clip22_label8.npy
syn54236518,clip00_label8.npy,TRAIN/subject11_config3/clip00_label8.npy
syn54236526,clip01_label8.npy,TRAIN/subject11_config3/clip01_label8.npy
syn54236533,clip02_label0.npy,TRAIN/subject11_config3/clip02_label0.npy
syn54236524,clip03_label8.npy,TRAIN/subject11_config3/clip03_label8.npy
syn54236529,clip04_label1.npy,TRAIN/subject11_config3/clip04_label1.npy
syn54236530,clip05_label8.npy,TRAIN/subject11_config3/clip05_label8.npy
syn54236527,clip06_label1.npy,TRAIN/subject11_config3/clip06_label1.npy
syn54236543,clip07_label8.npy,TRAIN/subject11_config3/clip07_label8.npy
syn54236509,clip08_label2.npy,TRAIN/subject11_config3/clip08_label2.npy
syn54236525,clip09_label6.npy,TRAIN/subject11_config3/clip09_label6.npy
syn54236542,clip10_label3.npy,TRAIN/subject11_config3/clip10_label3.npy
syn54236519,clip11_label7.npy,TRAIN/subject11_config3/clip11_label7.npy
syn54236544,clip12_label2.npy,TRAIN/subject11_config3/clip12_label2.npy
syn54236515,clip13_label6.npy,TRAIN/subject11_config3/clip13_label6.npy
syn54236520,clip14_label3.npy,TRAIN/subject11_config3/clip14_label3.npy
syn54236538,clip15_label8.npy,TRAIN/subject11_config3/clip15_label8.npy
syn54236528,clip16_label4.npy,TRAIN/subject11_config3/clip16_label4.npy
syn54236534,clip17_label8.npy,TRAIN/subject11_config3/clip17_label8.npy
syn54236547,clip18_label5.npy,TRAIN/subject11_config3/clip18_label5.npy
syn54236535,clip19_label3.npy,TRAIN/subject11_config3/clip19_label3.npy
syn54236541,clip20_label9.npy,TRAIN/subject11_config3/clip20_label9.npy
syn54236523,clip21_label2.npy,TRAIN/subject11_config3/clip21_label2.npy
syn54236514,clip22_label8.npy,TRAIN/subject11_config3/clip22_label8.npy
